Name,City,Date,Review,Ratings
Akshay Meena,"Certified Buyer, Jaipur","Nov, 2023","So beautiful, so elegant, just a vowwwüòç‚ù§Ô∏èREAD MORE",5
Mousam  Guha Roy,"Certified Buyer, Matialihat","Oct, 2023",Very niceREAD MORE,4
bijaya mohanty,"Certified Buyer, Baleshwar",6 months ago,Just go for it.Amazing one.Beautiful camera with super fast processorREAD MORE,5
Prithivi Boruah,"Certified Buyer, Bokajan","Oct, 2023",Camera Quality Is Improved Loving ItREAD MORE,5
Ajin V,"Certified Buyer, Balaghat","Oct, 2023",High quality cameraüòçREAD MORE,5
Sheetla Prasad Maurya,"Certified Buyer, Sultanpur","Oct, 2023",Best mobile phoneCamera quality is very nice Battery backup is very good Sound quality is amazing.READ MORE,4
Kriti Customer,"Certified Buyer, Sarkaghat",10 months ago,"Just loved the product , colour , design is wow and camera is amazing , just clicked first picture of my grandmother üëµüèª  in portrait mode and results r here in front of you guys üòçüòòREAD MORE",5
Flipkart Customer,"Certified Buyer, Aizawl",10 months ago,Awesome photography experience. Battery backup is good . Display is much better than 14 version.READ MORE,5
Nikhil Kumar,"Certified Buyer, Meerut Division",10 months ago,Switch from OnePlus to iPhone I am stunned with camera performance. Everything is perfect on  iPhone 15.READ MORE,5
Rahul Shedge,"Certified Buyer, Satara","Oct, 2023",Totally happy!Camera 5Battery 5 Display 5Design 5READ MORE,5
Sandip Mandal,"Certified Buyer, Jabalpur",10 months ago,Great!READ MORE,5
mohit  yadav ,"Certified Buyer, Mumbai","Nov, 2023",Nice ‚ù§Ô∏èREAD MORE,5
Talim (sk),"Certified Buyer, Sikar",11 months ago,I love this phone. The camera is amazing: its I am so happyREAD MORE,5
Arunji Govindaraju,"Certified Buyer, Chennai",10 months ago,"Awesome product very happy to hold this. Better In hand feel,matte finish. Good camera, Brighter screen with Dynamic Island, USB-C, great battery life.60Hz display is a dealbreaker for some.Its not much noticeable.Thank u Flipkart for the best deal and quick delivery.READ MORE",5
Saurabh Gothwad,"Certified Buyer, Paradip","Sep, 2023",Simply premium.READ MORE,5
Raj Singh,"Certified Buyer, Kolkata","Dec, 2023",for me its 10 out of 10‚ú®READ MORE,5
Rishabh  Jha,"Certified Buyer, Tikamgarh",8 months ago,Awesome üî•üî•‚ò∫Ô∏èREAD MORE,5
AYUSH singh,"Certified Buyer, Dehradun","Nov, 2023",best camera and battery is also very good In love with dynamic Island Type-c charging is very fast. Overall best phoneREAD MORE,5
Ankit  Verma ,"Certified Buyer, Mohammadabad Ghazipur District","Oct, 2023",Awesome camra quality superb camra üòäREAD MORE,4
Flipkart Customer,"Certified Buyer, Darjiling District",7 months ago,Nice productREAD MORE,4
Suman Jain,"Certified Buyer, Mumbai","Sep, 2023",Simply Awesome ü§©READ MORE,5
Praveen Kumar,"Certified Buyer, Tirupati","Sep, 2023",This is my first iphone ever used loving it already this is worth it ü•∞READ MORE,5
Jayanta  Roy,"Certified Buyer, Navi Mumbai","Sep, 2023",Nice üôÇüôÇüôÇüôÇüôÇREAD MORE,5
Akash  Deep,"Certified Buyer, Delhi Division",10 months ago,Camera is just wow. All classes clicks are done at night....phone Performance is awesome.... I'm writing now again for review...it's really maintained its premium imageREAD MORE,5
Amit Biswas,"Certified Buyer, Burdwan",6 months ago,A Perfect Smartphone üòç‚ù§Ô∏èüëåüëåREAD MORE,5
Sajib Das,"Certified Buyer, Agartala",10 months ago,moving from android to apple is a surreal experience. still apple could focus on more flexibility towards the apps.READ MORE,5
Jayanth Jai,"Certified Buyer, Bangalore Division",9 months ago,Their is nothing to explain about Apple iPhone nowadays everyone knows when ur comes to iPhone 15 is just amazing üî•READ MORE,5
SONAL PAL,"Certified Buyer, Habra","Oct, 2023",Awesome phone powerful performance and battery backup are also very good no heating issue ‚ò∫Ô∏èREAD MORE,5
Zeeshan Khan,"Certified Buyer, Bareilly","Dec, 2023",Awesome quality I am very happy. Thank you Flipkart.READ MORE,5
Flipkart Customer,"Certified Buyer, Bangalore",10 months ago,Camera üî•READ MORE,5
Afzol  Hussain,"Certified Buyer, Hojai",9 months ago,Thanks Flipkart I m glad such a beautiful iPhone 15READ MORE,5
SANDEEP SOMAN,"Certified Buyer, Sipcot Industrial Park Sriprumbudur","Sep, 2023",48 megapixel is litüî•Thin bessels compared to 14Lesser in weightDynamic Island works perfectlyGood battery backup ‚ö°My rating 5/5READ MORE,5
Flipkart Customer,"Certified Buyer, Agartala",7 months ago,Using this Iphone 15 from 1month and it has best CameraREAD MORE,5
VinodKUMAR VinodKUMAR,"Certified Buyer, Ganganagar District",9 months ago,Nice phone goodREAD MORE,4
Varsha Sadanand Salve,"Certified Buyer, Bengaluru",7 months ago,"The iPhone 15 exceeded my expectations in every way possible. The sleek design, stunning display, and lightning-fast performance make it a standout device in the smartphone market. The camera quality is unparalleled, capturing every moment with incredible detail and clarity. Plus, the battery life is impressive, easily lasting me throughout the day. With the added bonus of a great deal and discount, purchasing the iPhone 15 from Flipkart was an absolute steal.READ MORE",5
Shubhanker  Singh ,"Certified Buyer, New Delhi",11 months ago,Simply wow wow wow üòç‚ù§Ô∏èREAD MORE,5
Abhijit Kumar,"Certified Buyer, Kuju",11 months ago,A perfect n balanced phone ‚ù£Ô∏è. Was thinking of switching to ios from last two years and yeah its worth buying the black beauty üñ§.READ MORE,5
Atul Negi,"Certified Buyer, Dehradun","Sep, 2023",It looks so good in my hand !.......WAU?READ MORE,5
Akhilesh Bepari,"Certified Buyer, Chhindwara","Sep, 2023",It's performance is super and nice camera also a ok battery backup..READ MORE,5
Dev  Kumar ,"Certified Buyer, New Delhi","Oct, 2023",Camera quality top notch üëçREAD MORE,5
Kishu Kumar,"Certified Buyer, Supaul",11 months ago,Absolutely premium product..just wowREAD MORE,5
Naveen S,"Certified Buyer, Bangalore","Sep, 2023",Very nice product‚ò∫Ô∏è‚ò∫Ô∏èwe loved the phone very muchREAD MORE,4
RAHUL  SEN,"Certified Buyer, Guna",11 months ago,Such a amazing phone ü´∂üèªREAD MORE,5
SHASHANK PATHAK,"Certified Buyer, Agra",11 months ago,"Great Experience Flipkart I am giving 10 of 10 Camera, Sound, Screen... Transportation Mi note 9 pro Max to Iphone 15 .READ MORE",5
Flipkart Customer,"Certified Buyer, Chittoor District",10 months ago,Best for regular usageREAD MORE,5
Sharon Lepcha,"Certified Buyer, Siliguri",11 months ago,I was sceptical of online purchase but I was wrong I got what I ordered Best phone everREAD MORE,5
Bhaskar Sharma,"Certified Buyer, Chittoor District",9 months ago,AwesomeREAD MORE,5
jay singh,"Certified Buyer, Lucknow","Oct, 2023","Just upgraded from iphone 12 to 15 and I totally loved this 15 series.Camera:- No doubt iphones camera are best of any other smartphone, primary camera is now 48mp which gives quite sharp images, 2x in portrait mode is definitely a game changer in base varient.Battery:- 3349 mAH is quite better as compared to older versions.Performance:- Apple improve performance by introducing A-16 bionic chip, no doubt performance is on top.Display:- In display we get dynamic island which gives phone mo...READ MORE",5
Preenit  Rai,"Certified Buyer, Bhopal",10 months ago,Camera is good but not too good like other camera phone.Performance is good but missed 90hz display.Battery is good enough for a day use.Sound is quite awesome like no other phonesRest phone is good to go for.READ MORE,5
Mukesh Kumar,"Certified Buyer, Patna","Oct, 2023",Pic Quality AwesomeREAD MORE,5
Surabhi Das,"Certified Buyer, Raipur",10 months ago,Awesome...READ MORE,5
ANUP SINGH GAUTAM,"Certified Buyer, Ghaziabad","Oct, 2023",Absolutely gorgeous üòªREAD MORE,5
CHETAN  TILWALIA ,"Certified Buyer, Loni",8 months ago,Nice üëåREAD MORE,5
Urgain Norzin,"Certified Buyer, New Delhi","Oct, 2023",It's amazing nd also the delivery boy was very humble.READ MORE,5
Nilesh  Yadav,"Certified Buyer, Aurangabad","Sep, 2023",Best in class..! Superb camera and performance. Fine grip.READ MORE,5
Abhishek Kumar,"Certified Buyer, Siwan District",6 months ago,awesome camera looks like Captured DSLR quality Sounds quality bestBattery backup is good not better and bestAbout performance i have no wordsREAD MORE,5
Anish Sanjay,"Certified Buyer, Salem",7 months ago,Really its the best and richest design üòçREAD MORE,5
Nirmala Sahu,"Certified Buyer, Naugachhia",10 months ago,"Just ok like any other premium android phone. Sound is just fantastic and face unlock feature is more convenient than fingerprint scanner. Battery backup is more than android 5000 mah battery. This is my frist iPhone, migrated from android due to chipset heating problem in Google tensor chip and Samsung exonys processsor.READ MORE",5
Purnendu Mondal,"Certified Buyer, English Bazar",10 months ago,Switch from android to iPhoneüòçJust wow. Camera and battery backup is outstanding for daily useREAD MORE,5
Feroz Basha,"Certified Buyer, Kurnool",10 months ago,Loved this product ‚ù§Ô∏è‚ù§Ô∏èREAD MORE,5
Arpan Dewanjee,"Certified Buyer, Bally",9 months ago,Writing this review after extensive usage. Hope it helps interested buyers decide.1. Display:- 4/5 (Great display but limited to 60Hz in 2023-24)2. Camera:- 4/5 (Great cameras but no telephoto at this price segment but this time Apple really nailed it with the 15 series 24mp shots are very sharp and detailed)3. Performance:- 5/5 (One of the fastest SOC available right now)4. Battery:- 3/5 (Average battery life also charger not included in the box and still charges slowly with the 20w bric...READ MORE,4
Flipkart Customer,"Certified Buyer, North Twenty Four Parganas District",10 months ago,"This mobile is phenomenal, I like the camera mostREAD MORE",5
Ajay Vishwakarma,"Certified Buyer, New Delhi",11 months ago,Love the performance üëçREAD MORE,5
Ajmir Hossain,"Certified Buyer, Milki",7 months ago,I have been using this phone since two months.And this phone is amazing.  Camera- 10/10Display- 10/10Performance- 10/10Battery- 9.5/10READ MORE,5
Suraj Mehra,"Certified Buyer, Garhwa","Nov, 2023",NiceREAD MORE,5
SYAM SUNDER,"Certified Buyer, Sangaria",10 months ago,Camera is so goodREAD MORE,5
PROSIT DAS,"Certified Buyer, Hugli District",7 months ago,As Expected ü§£üòÇü´£READ MORE,5
ABIR  MODAK,"Certified Buyer, Halisahar",9 months ago,The camera quality is just awesome ..just like DSLRREAD MORE,5
VENKATESH REDDY,"Certified Buyer, Bengaluru",10 months ago,Super Good ProductREAD MORE,5
Himanjan Bora,"Certified Buyer, North Lakhimpur",3 months ago,"Coming from an iPhone 11, the upgrade is not completely unnecessary. I can see few daily improvements which impacts me personally. The battery back up is a good upgrade. The cameras are obviously better. The Dynamic Island is alright but not something I cannot live without. Face ID works smoother. I am not into games, so no comments on that. For a regular person, this phone is more than enough. And for people with other Apple devices, this is just an awesome part of the ecosystem.READ MORE",4
Ayan Das,"Certified Buyer, Kolkata",10 months ago,Light weight phone. Camera and sound is fine and performance is highly appreciable.READ MORE,5
Flipkart Customer,"Certified Buyer, Visakhapatnam",2 months ago,Mobile battery consumption very fastSo that I charge 3 times to charge in a dayREAD MORE,4
Mohammad  Mubarak,"Certified Buyer, Aligarh",11 months ago,Everything lovely Just for the first time u wont feel much difference b/w pro and non pro model iphones.READ MORE,4
Thilak Kumar,"Certified Buyer, Chittoor District","Sep, 2023",I upgraded from iPhone 13 to 15 and this phone is awesome worth the money go for itREAD MORE,4
Ashish  Raj,"Certified Buyer, Motihari","Sep, 2023",Awesome phone ‚ù§Ô∏èREAD MORE,5
Sayan Ray,"Certified Buyer, Kolkata",10 months ago,Nice device!READ MORE,5
Sumitra Swain,"Certified Buyer, Chakan",6 months ago,Awasome Phone Awasome Cameraüêº........Rest is History DuduREAD MORE,5
Monish B,"Certified Buyer, Salem",10 months ago,"Battery is worst!I am moving from android, so i feel my 20k android phone is better than this iphone. Although i brought this for apple ecosystem!READ MORE",4
KALPESH SHIRSEKAR,"Certified Buyer, Mumbai","Sep, 2023",Coming from iphone 12 mini.Camera is definitely a upgrade over the previous generation.Design outside remains the same. Pastel colours with matte finish.The Dynamic Island is what i liked for the notification part.Processor of previous generation pro models.Overall a value for money among the 15 models.Got it a great deal in flipkart clubbing exchange and bank offers.Delivery was on time.READ MORE,5
Flipkart Customer,"Certified Buyer, Pune","Oct, 2023",Superb... Shifted from Android to iPhone 15..classsüëçREAD MORE,5
Bibhu Prasad  Bisoyi,"Certified Buyer, Hyderabad",2 months ago,Nice Product Thanks for Flipkart Camera 10/10Battery 8/10Display 10/10READ MORE,5
Aniket Zurange,"Certified Buyer, Pune",2 months ago,I order smartphone from Flipkart. This is my 4th phone i order. I have had the best experience every time.READ MORE,5
Flipkart Customer,"Certified Buyer, Kozhikode",2 months ago,"Great phone except the battery, which isn't bad as well. Just not as good as other flagshipsREAD MORE",5
Nitin Kumar,"Certified Buyer, New Delhi",6 months ago,Very nice product üëåüëåüëåüëåüëåREAD MORE,5
Mohammad  Zishan ,"Certified Buyer, Koch Bihar",10 months ago,Amazing one_____üòçüòò‚úåÔ∏èREAD MORE,5
jithu reddy,"Certified Buyer, Anantapur",10 months ago,Performance superREAD MORE,5
Abnish  Sen ,"Certified Buyer, Kanpur",10 months ago,SuperREAD MORE,5
Anwar Customer,"Certified Buyer, Parasi",11 months ago,Only 90fps is need And best phone of the year goes to this phoneREAD MORE,5
Sachinaaaa,"Certified Buyer, Bengaluru",11 months ago,A fantastic product. I was an iPhone 13 user I have upgraded to this. Brilliant display. I can see a great difference in battery backup. I can also say that the Dynamic Island helps in UI to the users. Looks premium. Price range might drop in a year. Thanks for Flipkart sale days.READ MORE,5
Gulshan  Ahmed,"Certified Buyer, Silchar",11 months ago,Overall sameREAD MORE,5
Flipkart Customer,"Certified Buyer, Bankura District","Oct, 2023",Nice one ü´∂READ MORE,5
K.srinath Sri,"Certified Buyer, Kandukur","Oct, 2023",Amazing product‚ù§Ô∏è‚ù§Ô∏èBest iPhone out of all the iPhone seriesREAD MORE,5
Shivani Jain,"Certified Buyer, Utekhol","Sep, 2023",Awesomeüòçswitch from android to iOSREAD MORE,5
Amitabh Srivastava,"Certified Buyer, Bengaluru","Sep, 2023","This is an amazing phone and back side of phone is frozen glass which makes it less prone to finger marks while holding. Till now enjoying it, will update with further details after a week.READ MORE",5
Rohit Pingale,"Certified Buyer, Raigarh District",10 months ago,Nice ColourREAD MORE,5
Subhodeep Roy,"Certified Buyer, Kolkata","Oct, 2023",Fully satisfied üëçüèªREAD MORE,5
santosh  parida,"Certified Buyer, Hyderabad",9 months ago,Excellent!!!READ MORE,5
Mohd Hasnain,"Certified Buyer, Bareilly","Oct, 2023","Upgraded from iPhone 11, The camera quality is awesomeThe display quality is great and the dynamic island working perfectlyHappy with Apple and FlipkartREAD MORE",5
Harpreet Singh,"Certified Buyer, Ludhiana","Sep, 2023",v v goodREAD MORE,5
Gaurav Verma,"Certified Buyer, New Delhi",10 months ago,Not giving a fast refresh rate is really a bad idea.Shame on you apple...with this range of phone this kind of average feature should have been given.READ MORE,3
Anish Sanjay,"Certified Buyer, Salem",7 months ago,Really its the best and richest design üòçREAD MORE,5
sonali Patil,"Certified Buyer, Kalaburgi",8 months ago,Good one except the priceü•≤. If we have old one we can exchange and it would be much more less.READ MORE,4
Noorhasan  Shaikh,"Certified Buyer, Mumbai",11 months ago,Design n Build Quality is Best in Class.Performance is amazing.Camera is Good.READ MORE,4
Gaurav Verma,"Certified Buyer, New Delhi",10 months ago,Not giving a fast refresh rate is really a bad idea.Shame on you apple...with this range of phone this kind of average feature should have been given.READ MORE,3
NOOR ALAM,"Certified Buyer, Rampurhat",11 months ago,Awsm üòçüòçREAD MORE,5
Gulshan  Ahmed,"Certified Buyer, Silchar",11 months ago,Overall sameREAD MORE,5
Vipul  Kumar singh,"Certified Buyer, New Delhi","Nov, 2023",Awesome qualityREAD MORE,5
ANKIT kumar,"Certified Buyer, Muzaffarpur",6 months ago,"The best part of camera is cinematic video which is fabulous. Rest of the things are good, but cinematic mode is on next level, higher rate is missing which may hurt phone noise cancellation is on. Also next level. Some small small features which make sweet point to use and make it different from android efforts of making iOS and developing some sweet sweet things are appreciable and if you have MacBook or iPad, ecosystem work, fantastically the best things for this iPhone is much much better...READ MORE",5
Lokesh  Kumar,"Certified Buyer, Udhampur",7 months ago,Battery is good.Performance i dont care because I dont do gaming Design is Awesome.Camera is phenomenal but there Are some lens flares when camera is facing the sun or any bright object.There are no heating issues in my unit but it does feel warm sometimes when using the camera in sunlight.Overall i love this green colour.üëåüëåüëåüëåüëçüëçüëçREAD MORE,5
Krishna Prasad Mahanta,"Certified Buyer, Lanka",7 months ago,Camera quality are too Great Display awesome Battery is average Design is very nice Overall very goodREAD MORE,5
Flipkart Customer,"Certified Buyer, Badgam",9 months ago,-Wonderful performance-Camera quality is superb-battery backup not that good-sound quality is awesomeREAD MORE,5
MONIRUL MOLLA,"Certified Buyer, Gurugram",9 months ago,Best photo for iPhone 15READ MORE,5
Rupesh jha,"Certified Buyer, Chandigarh",10 months ago,Switched from Redmi 12 5G to Iphone 15 . It feels like I have never used Phone. Totally Worth It and the Feeling of using Iphone is Super Awesome.READ MORE,5
Mohammad  Zishan ,"Certified Buyer, Koch Bihar",10 months ago,Amazing one_____üòçüòò‚úåÔ∏èREAD MORE,5
Akash  Deep,"Certified Buyer, Delhi Division",10 months ago,Camera is just wow. All classes clicks are done at night....phone Performance is awesome.... I'm writing now again for review...it's really maintained its premium imageREAD MORE,5
KaryD,"Certified Buyer, New Delhi","Sep, 2023",Awestruck by its performance üëåREAD MORE,5
Biswadeep Roy,"Certified Buyer, Durg","Sep, 2023",Far better than 15pro no finger print even with moisturize handsREAD MORE,5
SHUVAM DAS,"Certified Buyer, Haldia","Oct, 2023","Switching Android to ios awesome experience,I just love it . And thanks Flipkart for open box delivery option.READ MORE",5
Deepti Rankhambe,"Certified Buyer, Ranjangaon Midc",10 months ago,Overall performance is best.Good aesthetic and nice color. Only thing worries me that it gets really hot with increase of brightness and during 15 min video call..READ MORE,4
Mohammad  Mubarak,"Certified Buyer, Aligarh",11 months ago,Everything lovely Just for the first time u wont feel much difference b/w pro and non pro model iphones.READ MORE,4
Jayanth K B,"Certified Buyer, Hyderabad","Oct, 2023",I just loved it üòçThank you so much ‚ù§Ô∏èREAD MORE,5
Mohamed Suheb,"Certified Buyer, Haveri",10 months ago,"Mind blowing purchase, I received the right item. Thank you Flipkart.If telling about iPhone its value for moneyGreat camera and video. 5/5Display 5/5Sound and heroics 5/5 Overall good.READ MORE",5
Sudipto Sarkar,"Certified Buyer, Pune",10 months ago,What a phone super performance with light weight. Please find my details review as follows. 1. Camera - camera is super with very gud quality photo even at night as well. 2. Battery - battery backup is fine and will last for one day long. 3. Performance - iphone 15 performance is super. No lagging and no heating issue. Cons-1. Battery could be better at this price range. 2. Face recognition is not good as not always open with face IDREAD MORE,5
Krupansh Patel,"Certified Buyer, Valsad District","Oct, 2023",Overall Beast Performance üî•10/10 Just Go For It üòéüëçREAD MORE,5
Dev Sarda,"Certified Buyer, Malda","Oct, 2023",The best one from appleüíôREAD MORE,5
Naresh Soni,"Certified Buyer, Hisar","Sep, 2023",Very goodREAD MORE,5
ABDUR RAHMAN ,"Certified Buyer, Howli","Sep, 2023",First time experiencing I phone. It feels premium and quality is awesome love it ‚ù§Ô∏è‚ù§Ô∏è‚ù§Ô∏èREAD MORE,5
Ankit sain,"Certified Buyer, Baghpat","Oct, 2023","Overall, I'm very happy with the phone. It's a great all-around phone with a powerful processor, a long-lasting battery, and a great camera. I would definitely recommend it to anyone looking for a new phone.READ MORE",5
Vanshu  Customer,"Certified Buyer, Gurgaon District",11 months ago,"Arrived on launch day and after using it for a day, the iPhone 15 is AMAZING. After almost 5 years it was finally time for me to upgrade from my iPhone XR. Set up was smooth and seamless, especially using iCloud to transfer data over.The display is greatly improved, and it gets a lot brighter which is helpful outdoors. The dynamic island works smoothly even on the standard model's 60Hz screen. This phone's cameras take highly detailed photos even without a dedicated telephoto lens. In terms o...READ MORE",5
SOURAV NANDI,"Certified Buyer, New Town",11 months ago,Amazing. This is my second iphone after 11 pro.Used it for 3 days till now. No heating issue. While setting up the device/updating ios/transferring data - it didn't heat at all. Smooth experience. Best buy for 2024.READ MORE,5
Anwar Customer,"Certified Buyer, Parasi",11 months ago,Only 90fps is need And best phone of the year goes to this phoneREAD MORE,5
Nitin Patil,"Certified Buyer, Pune","Oct, 2023",Look and design very niceREAD MORE,5
vinay mohan som,"Certified Buyer, Nagari",8 months ago,Amazing phone But Now days Chapri people Drop apple's brand value.READ MORE,5
Deepsayan Dam,"Certified Buyer, Kolkata","Oct, 2023",Pros:1. Incredibly smart device this year2. iOS interface3. Data Privacy4. Premium build quality5. Dynamic Island6. Ecosystem benefits if you own other Apple devices7. Powerful processorCons:1. 60Hz refresh rate for a flagship (although not very noticeable)2. No improvements to Siri3. Expensive4. Low possibility of repairREAD MORE,5
Priya  Mm,"Certified Buyer, Hyderabad","Dec, 2023","The product is good, the battery is decent and there are no heating issues as public mentioned before buying this. Sound quality is amazing and no need speaker Display and picture quality like theatre experience. Small screen but lot of wondersREAD MORE",5
RubaL Pasricha,"Certified Buyer, New Delhi",6 months ago,"Bought it from flipkart, as I was getting the best price here!READ MORE",5
Flipkart Customer,"Certified Buyer, Nayabazar",6 months ago,"Mind-blowing I love it Everything is greatttVery good battery backup, best camera, very good design.Update after using for 1 week: I legit have to charge my phone for 2times in a day else everything is greatREAD MORE",5
Abhishek Kumar,"Certified Buyer, Siwan District",6 months ago,awesome camera looks like Captured DSLR quality Sounds quality bestBattery backup is good not better and bestAbout performance i have no wordsREAD MORE,5
Syed Intekhab  Hussain,"Certified Buyer, Silchar",7 months ago,"The best in class iphone. Many people may mock iPhone, but everyone have to accept that iPhone has the best in class features and technology. It is obviously not fair to compare iPhone and android because each have its own pros and cons. Seeing the features that iPhone provide at this price point is really of premium level and I am pretty sure you are gonna enjoy using this awesome device.Speaking about specs, iPhone 15 has the best camera till date, the best display, awesome battery managem...READ MORE",5
Deepak Kumar yadav,"Certified Buyer, Lucknow",7 months ago,super üëåüëåüëåüëåüëåREAD MORE,5
PROSIT DAS,"Certified Buyer, Hugli District",7 months ago,As Expected ü§£üòÇü´£READ MORE,5
Flipkart Customer,"Certified Buyer, Agartala",7 months ago,Using this Iphone 15 from 1month and it has best CameraREAD MORE,5
Pratyay Sarkar,"Certified Buyer, Kolkata",8 months ago,It is a really good phone for daily tasks. The cameras are great 48mp photos are very sharp and detailed. You can relay on this phone for 5 years. I have other apple products and the ecosystem is also great. Everything works seamlessly. For those who are switching from android:Battery life is good in this phone but compared to my previous phone which had 4500mAh battery I have to charge this phone 2 times in a day almost after limiting the battery to 80%. Overall it is a great phone the v...READ MORE,5
Manish Gupta,"Certified Buyer, Isri",8 months ago,Heating issueREAD MORE,5
santosh  parida,"Certified Buyer, Hyderabad",9 months ago,Excellent!!!READ MORE,5
Rahul Banerjee,"Certified Buyer, Bansberia","Nov, 2023",Awesome.Camera too goodDisplay too goodBattery GoodFeels too goodREAD MORE,5
Raghava Karthik,"Certified Buyer, Hyderabad",9 months ago,Beautiful camera and also updated features for iPhone 15.READ MORE,5
Inderjit Singh,"Certified Buyer, Thane District",9 months ago,Very good deal and fastest delivery in next day.READ MORE,5
VENKATESH REDDY,"Certified Buyer, Bengaluru",10 months ago,Super Good ProductREAD MORE,5
Sunny  Patel ,"Certified Buyer, Aurangabad",10 months ago,Loved it ü•∞READ MORE,5
Satyam Kumar,"Certified Buyer, New Delhi",10 months ago,NiceREAD MORE,5
Vamshi Reddy,"Certified Buyer, Ranga Reddy",10 months ago,Amazing Camera and batteryREAD MORE,5
mrityunjay kanwar,"Certified Buyer, Champa",10 months ago,Nice phoneREAD MORE,5
Naseer Ahmed,"Certified Buyer, Bahraich District",10 months ago,My mom giftREAD MORE,5
PRAKASH MANDAL,"Certified Buyer, Azamgarh",10 months ago,Nice prodouct thank you flipkartREAD MORE,5
jithu reddy,"Certified Buyer, Anantapur",10 months ago,Performance superREAD MORE,5
Sahil Badkul,"Certified Buyer, Sagar",10 months ago,Nice Overall performance. Loved the inhand feel of the device üòç Amazing camera qualityREAD MORE,5
Aditya  Arya,"Certified Buyer, Patna",10 months ago,Happy üòäREAD MORE,5
Abnish  Sen ,"Certified Buyer, Kanpur",10 months ago,SuperREAD MORE,5
Siba Prasad,"Certified Buyer, Bengaluru",6 months ago,Loved it. takes good picturesREAD MORE,5
Prisca Fernandes,"Certified Buyer, Raia","Oct, 2023",Just wowBuy it nowREAD MORE,5
Ritesh Kumar,"Certified Buyer, Buxar District","Oct, 2023",Best phone nice camera and performanceREAD MORE,5
Arman Ali,"Certified Buyer, Bettiah","Oct, 2023",Pros48MP Camera With 2x Zoom. Dynamic Island. USB-C Port. Superb Design and Premium Build. ConsOnly 60Hz Display Refresh Rate. Slow Charging. No Action Button. No Always-on Display. Rating Camera - 4.5/5 Battery - 4/5 Performance - 4.5/5 Charging - 4/5 Display - 4/5 Design and Build - 4.5/5 Sound - 4/5 Software - 4.5/5 Value For Money - 4/5 Overall Experience - 4.5/5Hit Like üëç Button If This Review Really Helps You.READ MORE,5
Motam Jamatia,"Certified Buyer, Teliamura",5 months ago,I phone is phone nothing but it's a brand that makes the cost. Better should be more improved. And it gives heat.READ MORE,4
Kumar Patel,"Certified Buyer, Hyderabad",6 months ago,"A Mixed Bag of BrillianceThe iPhone 15 flaunts an impressive camera setup, capturing moments with exceptional clarity and detail. However, users may encounter heating issues post 80% charge, which could disrupt prolonged usage. Occasionally, screen touch glitches may hamper the otherwise seamless user experience. Despite these setbacks, the iPhone 15 excels in performance and features. The standout Dynamic Island feature enhances productivity and personalization. Overall, the iPhone 15 is a...READ MORE",4
Pinaki Ray,"Certified Buyer, Barasat",8 months ago,"Well, there is a little bit of hitting issue there, not at charging but in general operations. From design perspective, dynamic island is horribly thick for a 6.1 screen. It could have been smarter if the look was a little bit slim. What stops apple to increase the battery capacity now a days is beyond explanation. The Chinese manufacturers has definitely done a phenomenal job in terms of both the battery and charging. There's no trade Off there, it's a success for them. In software, the comp...READ MORE",4
Israr Ahmad,"Certified Buyer, Gorakhpur",8 months ago,"Actually phone is very good this is my first iPhone i found heating at back panel at normal usage also, it should be fixed asap because giving 80k for premium feel and still not feels worthy after heating, it gains heat very fast and cools down too but due to heat battery drop is very fast .READ MORE",4
anujyadav anuj,"Certified Buyer, Meerut","Sep, 2023",Very good productREAD MORE,5
Flipkart Customer,"Certified Buyer, Bankura District","Oct, 2023",Nice one ü´∂READ MORE,5
raja sekaran,"Certified Buyer, Vellore",8 months ago,"Guys dont listen to negative reviews about 60hz display and batter heating issues. ios makes you forget that you are using a 60hz display cuz its much better than a 90hz or 120hz display in android. zero bugs, amazing user interface, best camera in class. after using oneplus, samsung, redmi, realme, infinix and oppo for the past 10 years, finally am realising why people hype iphones. truly amazing experience.READ MORE",5
Gautam Mandal,"Certified Buyer, Mohiuddinagar","Oct, 2023",Awesome buyREAD MORE,5
Vicky Krishna,"Certified Buyer, Musiri",7 months ago,Am a Android User First Time Switching To IOS Really Its Awesome (iphone 15) Camera 5/5Battery 4/5Design 5/5Display 5/5Speaker 5/5READ MORE,5
Arun kumar  Vikram,"Certified Buyer, Prayagraj",8 months ago,Android is better than iosREAD MORE,5
Himalaya  Panwar,"Certified Buyer, Haridwar",9 months ago,Excellent purchase battery life is good for medium usage but can get you through the whole day on single charge. Am just loving this phoneREAD MORE,5
Hardik Chaudhary,"Certified Buyer, Ahmedabad",10 months ago,It was on republic sale. I got value for money.Piece is genuine.Camera is best with 48 MP primary lens.Performance is very good.There are some restrictions otherwise it is very good.READ MORE,5
Abhishek Prasad,"Certified Buyer, Pune District",10 months ago,The product is very nice just switched from iPhone XR. Was thinking to buy Samsung S24 but happy with this purchase.The camera is awesomeA single charge will last for a dayREAD MORE,5
Krishna kishor Singh,"Certified Buyer, Patna",10 months ago,best camera phone ü•∞READ MORE,5
Flipkart Customer,"Certified Buyer, Faizabad District",10 months ago,NiceREAD MORE,5
Sabir Khan,"Certified Buyer, Saharanpur District",10 months ago,Very nice phone im happy very good üëçREAD MORE,5
Abhisekh Kumar,"Certified Buyer, Bikaner",10 months ago,I can say the 60hz doesn't feel 60hz it is very smooth and may be because of appleI was too worried about the 60 hz because I was switching from 120hz Android (realme GT master edition) to this one but after using iphone 15 I feel lags in my android 120hzBut I feel camera quality is avg but videography is next level Love the speakerQuality of display is just wowCharging is also quite good and battery backup is also awesomeI am getting 5-6 hr gameplay(free fire+bgmi) from 100% to 25% qui...READ MORE,5
Aniket Rajput,"Certified Buyer, New Delhi",11 months ago,Very Best baseline iPhone ever. even if you have a iphone 14 it is still a upgrade. the new frosted glass and rounded edges make it premium feel. camera is just awesome. better than 14 pro camera. battery is just like iphone 14. type c is also a welcome with braided data cabel. just blue colour looks a lot like white.READ MORE,5
Rishi Ratan Sarkar,"Certified Buyer, Bengaluru",11 months ago,Very powerful phone. Camera is extremely good if one can adjust the settings. Battery backup is awesome. Design is handy. Features are cool. Price is reasonable.READ MORE,5
Monish B,"Certified Buyer, Salem",10 months ago,"Battery is worst!I am moving from android, so i feel my 20k android phone is better than this iphone. Although i brought this for apple ecosystem!READ MORE",4
Md Omair   Ahmed,"Certified Buyer, Homnabad","Oct, 2023",FantasticREAD MORE,5
Vishnu Singh,"Certified Buyer, Rampur",9 months ago,"Phone is good built lightweight,handy, camera good quality, display great phone is nice if love it's OS and can spend that muchREAD MORE",4
Soni  Nirav,"Certified Buyer, Surendranagar",10 months ago,Just Awesome ‚ù§Ô∏è- Was bit skeptical about 60Hz but it feels extremely smooth.- No heating issues at all. - Camera quality is also good.- Overall nice upgrade for me after using poco f1 for half a decade.I would definitely recommend it. Just go for it you wont regret.READ MORE,5
Amit Tekriwal,"Certified Buyer, Bengaluru",10 months ago,"The only thing I like about this phone is the camera quality and that is the reason I bought this phone.I already have an Android phone which is less than 50% of its price and still is better in every aspect except the camera.Well! Definitely, iphone 15 has a flagship level chipset but I am not a gamer and a normal user and I find mid rangers and flagship all perform at similar level in daily tasks.While iphone 15 only has 60hz screen which feels choppy, all other phones have 120-144hz scr...READ MORE",3
Saikat Das,"Certified Buyer, Durgapur","Oct, 2023","A great phone with quality display 60Hz, average to good battery backup, speaker same as 14, camera is very good in this segment, performance toooo good for this compact sized phone almost never heated much except for charging and bgmi though normal for every phone. Dynamic island animations are great though not a fan of it still better than notch. And design is amazing very premium.READ MORE",5
Asif Ikbal,"Certified Buyer, Nadia District",11 months ago,Not justifying the price .. bit disappointed about the  display (refresh rate should be high).. no differences between 12 and 15 except brightness .. those who willing to upgrade plz be ok with your 13 .. there is very low difference in day to day life use..but the Dynamic Island is awesome it is way better than expected..READ MORE,4
Vivek Rawat,"Certified Buyer, New Delhi","Sep, 2023",Smooth üî•READ MORE,5
Maheshwar Thudi,"Certified Buyer, Hyderabad",10 months ago,Having a great timeREAD MORE,5
Saikrishna Kathi,"Certified Buyer, Mahabubabad",10 months ago,"High quality camera The iPhone 15 has a new 48-megapixel main camera. The new camera sensor is larger than the one in the iPhone 14, and it has better low-light performance. The iPhone 15 also has a new 12-megapixel ultrawide camera and a new 12-megapixel telephoto camera.READ MORE",5
Yogendra  Tiwari,"Certified Buyer, Itanagar",11 months ago,"AFTER ONE WEEK OVERALL PERFOMANCE IS GOOD BUT  FEW APPLE MUST IMPROVE 1. Design very Round on Corner gives a feel of baby Toy, 2. Some thing must improve in iOS 17 its very Classic in this mordern era like Auto Rotate not possible on photos you will have to go home select rotate lock etc.READ MORE",4
abhishek peesa,"Certified Buyer, Srikakulam","Oct, 2023",NiceREAD MORE,4
G MOHAMMED SALEEM,"Certified Buyer, Bengaluru",7 months ago,Good üëç my 2nd i phoneREAD MORE,5
Rosti hokai,"Certified Buyer, Hojai","Oct, 2023",Loving it!!! Delivery was quick .READ MORE,5
Nitin  rautela,"Certified Buyer, Delhi Division",6 months ago,Device is getting too hot. It's looking like you have the burning stick.READ MORE,3
Ruhul Islam,"Certified Buyer, Anand Nagar",6 months ago,Awesome ü´†üòåREAD MORE,5
Sumitra Swain,"Certified Buyer, Chakan",6 months ago,Awasome Phone Awasome Cameraüêº........Rest is History DuduREAD MORE,5
Miswa Malik,"Certified Buyer, Kakrala",7 months ago,Alhamdulillah One More Added By The Mercy Of Allah SWT üíóREAD MORE,5
Flipkart Customer,"Certified Buyer, Patna",8 months ago,Good stuff.. bss thora battery cazual hai üíÄREAD MORE,5
Flipkart Customer,"Certified Buyer, Vijayawada",8 months ago,Good mobile but charging is getting down fastttREAD MORE,5
MOBARAK SK,"Certified Buyer, Dhusaripara",9 months ago,All are good üòäREAD MORE,5
Saswata Dash,"Certified Buyer, Gwalior",9 months ago,Awesome battery backup. Best lowlight camera .READ MORE,5
Muna Matiary ,"Certified Buyer, Redhakhol",9 months ago,Looking Like Monster ü§çüíôREAD MORE,5
Divyanshu Roy,"Certified Buyer, Bodh Gaya",10 months ago,Awesome I switched from Android it's great feeling just go for it ü•∞ü•∞ü•∞READ MORE,5
Nilesh Kumar,"Certified Buyer, Noida",10 months ago,Very good productREAD MORE,5
Karan Yaduvanshi ,"Certified Buyer, Gurugram",10 months ago,Superb phone ‚ù§Ô∏è I am using last 5 year of iPhoneREAD MORE,5
Susant Bhoi,"Certified Buyer, Bengaluru",11 months ago,Good cameraREAD MORE,5
Mohd Siddique,"Certified Buyer, Rangareddy","Nov, 2023",The colour blue is so good and the battery life is so long as compared to 14 the camera is much better than 14series best phone I experienced very goodREAD MORE,5
ANUJ SINGH,"Certified Buyer, Muradnagar",10 months ago,Awesome performance and PicturesREAD MORE,5
bapan paul,"Certified Buyer, Silchar","Nov, 2023",GoodREAD MORE,5
Anubhav Chauhan,"Certified Buyer, Panchkula",5 months ago,"I have recently switched from Android to ios, it does feel very strange at the beginning but now I am getting habitual to the iosIt is really very nice and feels premium. The camera is also very nice. I am fully satisfied with this purchase.READ MORE",5
Avinash  Fiske,"Certified Buyer, Amravati",5 months ago,Verrrry good productREAD MORE,5
Vikas Chaudhari,"Certified Buyer, Indore",5 months ago,This is adorable   Most important  C type charger  cable I am happy with  iPhones 15 series  ‚≠êÔ∏è‚≠êÔ∏è‚≠êÔ∏è‚≠êÔ∏è‚≠êÔ∏èREAD MORE,5
seetha Ram,"Certified Buyer, Jamnagar",1 month ago,"Mobile is good, battery is drain fast 1 day 2 time charging,I am heavy user, but still goodREAD MORE",5
Md Nisar Ansari,"Certified Buyer, Bhadohi",6 months ago,"I am very happy to buy it because its camera is very good and its performance is also very good, its features are also very good and will never make you bored. üòçREAD MORE",5
Divyanshu Singh,"Certified Buyer, Bilaspur",6 months ago,Worth every penny .. Confused between pixel and iPhone but no regrets to buy an iPhoneREAD MORE,5
vikash kumar,"Certified Buyer, Hajipur",6 months ago,Camera is best qualityREAD MORE,5
Suvrajit,"Certified Buyer, Bengaluru",6 months ago,Genuine product. Thank you flipkartREAD MORE,5
RAJASHEKHAR SHIROL,"Certified Buyer, Bagalkot District",6 months ago,OkREAD MORE,5
Ashwani Mishra,"Certified Buyer, Sarnath",6 months ago,The iPhone 15 features a 48-megapixel main camera sensorIt is powered by the A16 Bionic SoCThe iPhone 15 now comes with Dynamic IREAD MORE,5
Abhijeet Nath,"Certified Buyer, Bilaspur",6 months ago,Best IphoneREAD MORE,5
Chhatra  Pal,"Certified Buyer, Rudrapur",6 months ago,I lovedREAD MORE,5
Akshay  Chavhan,"Certified Buyer, Washim",6 months ago,Nice product but battery issues please solowREAD MORE,5
Sippi B,"Certified Buyer, Kalyan",6 months ago,Best dealREAD MORE,5
Asgar Khan,"Certified Buyer, Purba Champaran District",1 month ago,Front camera can't be goodREAD MORE,3
Anandhu AS,"Certified Buyer, Trivandrum",11 months ago,"Good display, improved display brightness, awesome cameraREAD MORE",5
Flipkart Customer,"Certified Buyer, Pune",6 months ago,Great product:)READ MORE,5
PALAIAH R,"Certified Buyer, Bengaluru",6 months ago,Nice ProductREAD MORE,5
Flipkart Customer,"Certified Buyer, Naraingarh",7 months ago,U all know about iPhone 15 so am very impressed with blue colour damn beautiful ‚ù§Ô∏èREAD MORE,5
Bondapalli Ramakrishna,"Certified Buyer, Hyderabad",7 months ago,GoodREAD MORE,5
Gaurav Kumar,"Certified Buyer, Greater Noida",7 months ago,Awesome experience in my opinion. I am first time iPhone user. And can say:-Camera: 10/10Performance: 10/10Display: 10/10Battery: 8/10READ MORE,5
Bhaskar Jyoti  Saikia ,"Certified Buyer, North Lakhimpur",7 months ago,"Awesome phone, thanks to Flipkart for quick delivery. This is my 1st iOS experience so very excited .READ MORE",5
Akash Paradkar,"Certified Buyer, Mumbai",2 months ago,Excellent phone Camera is bestGood Battery lifeREAD MORE,5
Jagdish Phad,"Certified Buyer, Pune",7 months ago,Great phone!Thank you flipkart.READ MORE,5
Raj Singh,"Certified Buyer, Kolkata","Dec, 2023",for me its 10 out of 10‚ú®READ MORE,5
Kanishka Gupta,"Certified Buyer, Bhopal",7 months ago,Beautiful phoneREAD MORE,5
Rajesh Kumar,"Certified Buyer, New Delhi",7 months ago,"The camera of iPhone 15 is very good because I am using it, everything is working fine, many people are saying that the battery is not working but this is wrong, I am using it and it works fine‚ù§Ô∏èREAD MORE",5
Sakib Ali,"Certified Buyer, Barasat",7 months ago,Very FabulousREAD MORE,5
Shankar Ji,"Certified Buyer, Sukma",7 months ago,Very good productREAD MORE,5
Shiva  Bilthariya ,"Certified Buyer, Bodh Gaya",7 months ago,Super experienceüòòüòòREAD MORE,5
Aaryan Yaduvanshi,"Certified Buyer, Hajipur",7 months ago,Awesome...READ MORE,5
NOOR ALAM,"Certified Buyer, Allahabad",7 months ago,The phone looks good in green colorREAD MORE,5
Nandan  Roy,"Certified Buyer, Dhubri",7 months ago,Amazing camera but battery  perform not goodREAD MORE,5
Navneet Ranjan,"Certified Buyer, Hyderabad",7 months ago,Upgraded from iPhone 12 to 15 every thing is nice but little bit heating issues is coming while charging the phone I requesting apple to kindly resolve this issue in next update.READ MORE,5
Dev Khanna,"Certified Buyer, Pune",7 months ago,"Body gets heated up. Apart from that, all good! Type C charger is a good relief! And amazing delivery by FlipKart too!READ MORE",5
Babul Ali,"Certified Buyer, Barpeta",7 months ago,NICEREAD MORE,5
ANKIT ANAND,"Certified Buyer, Supaul District",8 months ago,Nice product but battery üîã quality BadREAD MORE,5
Dhawan Kumar,"Certified Buyer, Amritsar District",8 months ago,Awesome Gaming and Photography ExperienceREAD MORE,5
Mintu Lohar,"Certified Buyer, Bankura",8 months ago,It's an awesome experience but if ur a vlogger u need and android must but other wise it's a great  iphone till dateüëçREAD MORE,5
Deepak  Meena,"Certified Buyer, Jaipur",8 months ago,Nice prodREAD MORE,5
Sanjay Nain,"Certified Buyer, Dibrugarh District",8 months ago,Most useful deviceREAD MORE,5
Nitin Ghaiwat,"Certified Buyer, Durg",8 months ago,Nice productREAD MORE,5
Ravindra Sharma,"Certified Buyer, Gangapur City",8 months ago,Excellent phone battery bakeup is also goodREAD MORE,5
Jyotiprakash Mohanty,"Certified Buyer, Bhachau",8 months ago,Wonderful üëåüèªREAD MORE,5
Harsha Koppal,"Certified Buyer, Hoovina Hadagalli",8 months ago,Very good handset once you purchase not change the Apple brand. üíØ original apple brand and authorised for Flipkart seller.READ MORE,5
Amish Kumar yadav ,"Certified Buyer, Muzaffarpur District",8 months ago,All good in this n camera superbREAD MORE,5
Pramod Varma,"Certified Buyer, Saunkh",8 months ago,Amazing product .camera quality is decent           Sound quality is amazing Display quality is superb.battery quality good overall very good.READ MORE,5
Razz Anjani,"Certified Buyer, Ballia District",8 months ago,Night mode is so smoothREAD MORE,5
Bhupesh Pant,"Certified Buyer, Lohaghat",8 months ago,Awesome Phone with awesome camera. Updated from iphone 13 to 15 I love this.READ MORE,5
Himanshu Pande,"Certified Buyer, Pithoragarh",8 months ago,"As always fast delivery by flipkart,Stunning design, powerful performance, and exceptional camera quality define the iPhone 15. With its sleek build, vibrant display, and lightning-fast chip, it's a flagship smartphone that delivers on all fronts. Capture breathtaking photos, enjoy seamless multitasking, and experience all-day battery life. The iPhone 15 is a premium choice for those who demand the best.Go for it without any thinking if you are trying for premium segment.READ MORE",5
Afzal Saifi,"Certified Buyer, Gurgaon",8 months ago,Camera quality SuperbREAD MORE,5
Sunil Deora ,"Certified Buyer, Jodhpur",8 months ago,Over all good after 20 days use I like itREAD MORE,5
Syed Ishan ALI,"Certified Buyer, Maldah District",8 months ago,Awesome Product Just Love ItREAD MORE,5
Amit Malik,"Certified Buyer, Panipat District",8 months ago,Bery bery goodREAD MORE,5
ADABALA VIJAY,"Certified Buyer, Razole",8 months ago,Nice phoneREAD MORE,5
Naveen Kumar,"Certified Buyer, Chhaprauli",8 months ago,Loved itREAD MORE,5
Amir  Hussain,"Certified Buyer, Darrang District",8 months ago,Amazing camera pic üòçREAD MORE,5
pankaj sharma,"Certified Buyer, Noida",8 months ago,Amazing camera qualityREAD MORE,5
MAZHAR  SAYYAD ,"Certified Buyer, Sangli Miraj Kupwad",8 months ago,NiceREAD MORE,5
Papai Sarkar Papai Sarkar,"Certified Buyer, Siliguri",8 months ago,Awesome mobileREAD MORE,5
Deepak Kumar,"Certified Buyer, Mawana",8 months ago,BestREAD MORE,5
Rinkesh Sahu,"Certified Buyer, Bhadravati",9 months ago,Mobile I got from Flipkart is really original and genuineREAD MORE,5
Ashish Mishra,"Certified Buyer, Kolkata",9 months ago,I have used this 1st time and never had an iPhone before this one and it's amazing just loved it...READ MORE,5
PANKAJ KUMAR,"Certified Buyer, Jewar",9 months ago,Nice camera and battery also.READ MORE,5
Bhanu  Khichi ,"Certified Buyer, Pune",9 months ago,Camera Quality üëåüíØüëåREAD MORE,5
SAITEJA PENDHOTA,"Certified Buyer, Karimnagar",9 months ago,"1. It is the best phone and worth every rupee in terms of its user interface, unique eco system, siri and some other options  which can be copied by other manufacturers but cant replicate (if incase a person thinks iphones are bit overpriced - they are pricing for their unique features)  2. In terms of camera, display, performance and in every other aspect it gives best output.3. In terms of this iPhone 15 series, the upgrade in this series is of leaps and bounds compared to other upgrades ...READ MORE",5
Chethan Billava,"Certified Buyer, Bengaluru",9 months ago,"This is my first mobile from apple. Powerfull performance, very good camera..next level display.. 5 out of 5READ MORE",5
Rahul Pathak,"Certified Buyer, Howrah",9 months ago,Best CameraREAD MORE,5
Flipkart Customer,"Certified Buyer, Krishna",9 months ago,Phone is super duper very nice hasome wonderfull miracleREAD MORE,5
Vimal Mehta,"Certified Buyer, New Delhi",9 months ago,Best phoneREAD MORE,5
Shasi Krishna,"Certified Buyer, Kurnool",9 months ago,Superb Performance ‚ú®READ MORE,5
Monazzam Raza,"Certified Buyer, Saraiya",9 months ago,"The innovative new design features back glass that has color infused throughout the material. A custom dual ion-exchange process for the glass, and an aerospace-grade aluminum enclosure, help make iPhone 15 incredibly durable. Dependably durable.READ MORE",5
Aman Rana,"Certified Buyer, Hoshiarpur",9 months ago,Money worth itREAD MORE,5
Shinz PK,"Certified Buyer, Bengaluru",9 months ago,Good Performance.READ MORE,5
Mahibul Islam,"Certified Buyer, Barpeta",9 months ago,Super excitedREAD MORE,5
Munish  Kumar,"Certified Buyer, Faridabad",9 months ago,The Experience with new features is Amazing . Definately iphone 15 is better than 13 or 14 .READ MORE,5
Flipkart Customer,"Certified Buyer, Surendranagar",9 months ago,Good photo sutuREAD MORE,5
Hari HS,"Certified Buyer, Chennai",9 months ago,Long time android user. Thought of giving iOS a try. And now I understand why apple is apple. The highlight is the interaction between the hardware and the software. Android feels clunky in front of iOS. (Have used all Android skins and currently on s24+)READ MORE,5
Srihari  Chinna,"Certified Buyer, Hyderabad",9 months ago,Best all-rounder flagship level cameraREAD MORE,5
Sahil Khan,"Certified Buyer, Boisar",10 months ago,It can be more better if display refresh rate has 120hzREAD MORE,5
kunal aggarwal,"Certified Buyer, New Delhi",10 months ago,Honest review after using it for a month! Best phone of apple so far camera battery performance are on top notch!READ MORE,5
Mohan  Karthik ,"Certified Buyer, Erode",6 months ago,Phone super Battery poorREAD MORE,4
Sonam Dhiman,"Certified Buyer, Kangra District","Oct, 2023",Good camera and battery but ios is still far behind than Android in terms of ease.READ MORE,5
Bablu kumar sah,"Certified Buyer, Sheohar District",10 months ago,Awesome colourREAD MORE,5
yajush Tiwari,"Certified Buyer, Surat","Oct, 2023","All over i find it good except the heating issues, of course its type C but when you charge it with other cable it will heat like hell, and if you take it out in noon time and take photos ,it will heat else there were no performance or body shading issues ,the in hand feeling is awesomeREAD MORE",4
sandeep Debroy sandeep Debroy,"Certified Buyer, Kailashahar",10 months ago,"Nice product,,and delivery is awesomeREAD MORE",5
Ritu Raj,"Certified Buyer, Hisua",10 months ago,Best product...READ MORE,5
Anuj Chauhan,"Certified Buyer, Rae Bareli",10 months ago,GoodREAD MORE,5
Manish Singh,"Certified Buyer, Sitapur","Oct, 2023",Heating issueREAD MORE,5
Debabhash Dey,"Certified Buyer, North Twenty Four Parganas District",10 months ago,Best inclass .  Should have been little smaller.READ MORE,5
Ashish dubey,"Certified Buyer, Dhamdha",10 months ago,Very good camera quality and performanceREAD MORE,5
Abhishek Rastogi,"Certified Buyer, Rudrapur",10 months ago,very nice 15READ MORE,5
Kunj Patel,"Certified Buyer, Ahmedabad",10 months ago,Nice phone üì±READ MORE,5
LAVAKUMARA S,"Certified Buyer, Chitradurga District",10 months ago,The best mobile in IndiaREAD MORE,5
Srinu Customer,"Certified Buyer, Mandapeta",10 months ago,Premium look and quality with excellent performanceREAD MORE,5
Sunita Das,"Certified Buyer, Erashal",10 months ago,Battery life is unbelievableREAD MORE,5
Mangesh Sharma,"Certified Buyer, Chauparan",10 months ago,Nice phoneüòçREAD MORE,5
Nitin Ramrav Kanase,"Certified Buyer, Karad",10 months ago,Nice productsREAD MORE,5
Munesh Devi,"Certified Buyer, Saharanpur",10 months ago,Gud phoneREAD MORE,5
sai  viswanath,"Certified Buyer, Proddatur",10 months ago,The camera is so beautiful and it takes good pics in portrait mode here are some sample picsREAD MORE,5
Sumit samal,"Certified Buyer, Malkangiri",10 months ago,"Just take it without asking anyone,READ MORE",5
Manish  Saini,"Certified Buyer, Gurugram",10 months ago,Camera quality is quite good.  The battery lasts a little less.  Well the phone is overall good.READ MORE,5
Parm Dhaliwal,"Certified Buyer, Patiala District",10 months ago,Camera is awesome display and sound quality is amazingREAD MORE,5
SADDAM KHAN  KHAN ,"Certified Buyer, Niwai",10 months ago,Nice phone speakers display and camera quality amazingREAD MORE,5
Amit Kumar Jha,"Certified Buyer, Ghaziabad",10 months ago,"I upgraded because of the band that is 5G and a better camera , look wise it is good and weight is comfortable to carry. Dynamic Island if catchy to eye. It keeps the Apple standard, gels well with Apple ecosystem like AirPods , iwatch, mac . Though a little pricey at this point but one may wait for or some sort of discount offers.READ MORE",5
aditya verma,"Certified Buyer, Khairagarh",10 months ago,Most value for money iPhone ever.READ MORE,5
bijaya mohanty,"Certified Buyer, Baleshwar",6 months ago,Just go for it.Amazing one.Beautiful camera with super fast processorREAD MORE,5
Devjyoti Das,"Certified Buyer, Dhubri",10 months ago,Amazing phone just no words to say...just one complaint that some features are easy on Android but in ios its takes more time to do it...READ MORE,5
manish choudhary,"Certified Buyer, Udaipur",11 months ago,"I was sceptical at first about moving form an android to ios. I was confused between s23 and ip15 but i bought this phone and i must say i am very happy about it. I have not faced any issues in this device since I have been using it, no heating while gaming, charges quickly, and believe me if you have been using 60hz panel before this you will not have any problems but coming from a 120hz panel you might need some time adjusting to it. All in all this has got to be the best phone under 70k ca...READ MORE",5
Rahul  Saini,"Certified Buyer, Gangapur City",11 months ago,Loved itREAD MORE,5
Prashanth r,"Certified Buyer, Chittoor District",11 months ago,Awesome picturesREAD MORE,5
